id,date,created_utc,title,selftext,score,upvote_ratio,num_comments,subreddit,url,permalink,query,label,score
1ly2x4y,2025-07-12,2025-07-12 15:17:09+00:00,Tesla summer update has been announced 2025.6,"Grok (Beta) (US, AMD)
@Grok now available directly in your Tesla
Requires Premium Connectivity or a WiFi connection
Grok is currently in Beta & does not issue commands to your car ‚Äì existing voice commands remain unchanged



Light Sync (New Model 3 & Model Y, 2026 Model S/X, @Cybertruck)
Accent lights now respond to music & you can also choose to match the lights to the album‚Äôs color for a more immersive effect
Toybox > Light Sync



Audio Settings Update
You can create & save multiple presets to match your listening preferences
Controls > Audio



Dashcam Update
You can now zoom or adjust the playback speed. @Cybertruck also gets the updated Dashcam Viewer app with a grid view for easier access & review of recordings



Charging Info at Arrival
In the charger list, you can now see which locations require valet service or pay-to-park access.
Upon arrival, you'll receive a notification with access codes, parking restrictions, level or floor information & restroom availability




Tesla Charging


@TeslaCharging
¬∑
Jul 3
Site arrival improvements rolling out now

‚Üí Icons indicating Valet Only or Pay to Park
‚Üí Notifications for Pay to Park, Parking Floor and Access Code
‚Üí All details easily accessible in the site card
",457,0.88,281,teslamotors,https://www.reddit.com/gallery/1ly2x4y,/r/teslamotors/comments/1ly2x4y/tesla_summer_update_has_been_announced_20256/,,neutral,0.9368184804916382
1ly0bk6,2025-07-12,2025-07-12 13:20:52+00:00,FSD Supervised - Berlin Testing,,42,0.86,9,teslamotors,https://digitalassets.tesla.com/video/upload/v1751359496/Digital-Email-Deployment/Miscellaneous/Berlin.mp4,/r/teslamotors/comments/1ly0bk6/fsd_supervised_berlin_testing/,,neutral,0.9321886301040649
1lxpmp1,2025-07-12,2025-07-12 02:43:27+00:00,"Canada Clears Tesla in iZEV Rebate Investigation, $43M Payment Unfrozen","[https://driveteslacanada.ca/news/canada-clears-tesla-in-izev-rebate-investigation-43m-payment-unfrozen/](https://driveteslacanada.ca/news/canada-clears-tesla-in-izev-rebate-investigation-43m-payment-unfrozen/)

  
Tesla cleared of fraud allegations. ",187,0.93,16,teslamotors,https://www.reddit.com/r/teslamotors/comments/1lxpmp1/canada_clears_tesla_in_izev_rebate_investigation/,/r/teslamotors/comments/1lxpmp1/canada_clears_tesla_in_izev_rebate_investigation/,,neutral,0.4781336486339569
1lx80px,2025-07-11,2025-07-11 14:15:26+00:00,Prefabricated Tesla V4 Supercharger Cabinet Drawings Emerge in Permits for Richmond CA Upgrade,,80,0.86,7,teslamotors,https://evchargingstations.com/chargingnews/prefabricated-tesla-v4-supercharger-cabinet-drawings-emerge/,/r/teslamotors/comments/1lx80px/prefabricated_tesla_v4_supercharger_cabinet/,,neutral,0.8972144722938538
1lwl0cm,2025-07-10,2025-07-10 18:58:13+00:00,New breed of transportation üòç,"Got to see this bad boy in action in Stockton California while on our way home to Florida today. As a 31 year professional driver, I really look forward to driving one of these in the near future! The technology that‚Äôs packed into these new Tesla cars & trucks is just mind blowing! Thank you Elon & team Tesla! ",598,0.88,41,teslamotors,https://i.redd.it/6mjsmqleg3cf1.jpeg,/r/teslamotors/comments/1lwl0cm/new_breed_of_transportation/,,neutral,0.7668731808662415
1lwkjjj,2025-07-10,2025-07-10 18:39:53+00:00,"Arizona Department of Transportation - ""Tesla has applied for both autonomous vehicle testing/operating with a driver and testing/operating without a driver.""","[https://x.com/SawyerMerritt/status/1943374162766041482](https://x.com/SawyerMerritt/status/1943374162766041482)

Sawyer Merritt on X ""confirmed directly with the Arizona Department of Transportation that¬†Tesla¬†reached out to them on June 26th to begin the certification process to operate an autonomous Robotaxi service in the state.""",154,0.91,11,teslamotors,https://i.redd.it/40g9y1u9d3cf1.jpeg,/r/teslamotors/comments/1lwkjjj/arizona_department_of_transportation_tesla_has/,,neutral,0.5295519828796387
1lwci93,2025-07-10,2025-07-10 13:18:05+00:00,Grok is officially coming to Tesla next week at the latest.,,3302,0.81,1105,teslamotors,https://i.redd.it/8grkry8wr1cf1.jpeg,/r/teslamotors/comments/1lwci93/grok_is_officially_coming_to_tesla_next_week_at/,,neutral,0.9202864766120911
1lw3iu0,2025-07-10,2025-07-10 04:18:22+00:00,Someone successfully retrofitted Front bumper camera on HW4.0 model X,"Just came across this on Twitter/X - someone managed to retrofit a front bumper camera on their Tesla model X and it integrates perfectly with the correct settings. I figured many would pay for this retrofit and it seems like might be possible for 2024 HW4.0 model 3/S as well.

Here's the original post: https://x.com/Tutrifour/status/1943020058260967883?t=WIwjujIQ02G-q1v5UefDcA&s=19 

According to the author, these are the estimated parts needed and the only thing that is not a available directly from Tesla would be the ""coax cable from the car computer to the front end bumper harness""

Camera $200 
Bumper Grill $80 
Bumper Harness $130 
Washer Pump $15 
Washer Hoses $~30

Source - https://x.com/Tutrifour/status/1943025471115137157?t=G8jPtOpfphxpWDghdDQcNQ&s=19 

",245,0.94,41,teslamotors,https://x.com/Tutrifour/status/1943020058260967883?t=WIwjujIQ02G-q1v5UefDcA&s=19,/r/teslamotors/comments/1lw3iu0/someone_successfully_retrofitted_front_bumper/,,neutral,0.9394993185997009
1lv9kce,2025-07-09,2025-07-09 04:19:19+00:00,The very first Tesla diner is here,,2894,0.89,262,teslamotors,https://www.reddit.com/gallery/1lv9kce,/r/teslamotors/comments/1lv9kce/the_very_first_tesla_diner_is_here/,,neutral,0.8866025805473328
1lu9n7x,2025-07-07,2025-07-07 23:37:21+00:00,Model 3 Feedback,"I have a 2025 model 3, and overall I love this car. It is the best car I‚Äôve ever had by a lot. Just wanted to share a few things that I would fix/improve

1. Sometimes the left and right turn buttons get stuck. I just can‚Äôt press them down at all and I have to wait a bit before they are pressable again. Very odd and annoying but doesn‚Äôt happen often

2. The charge port often takes multiple presses before it opens and if its plugged in takes multiple presses to unlock the charger cable. I‚Äôll sometimes press the unlock button 2-4 times and go to unplug the charger and it‚Äôs still not unlocked this should be fixed asap

3. The sound that plays when the light turns from red to green is not always reliable. There are times when I‚Äôm in a left turn lane, the go straight light turns green but the left turn light is still red. However the sound still plays which is incorrect. Hopefully there is some way to make this more accurate and take into account which lane you‚Äôre in

4. Since I‚Äôve had the car it has only rerouted me once which saved over ten minutes and that was great. Now of course it is possible that this opportunity has never come up before or since, but maybe there were other chances to save some time and the navigation didn‚Äôt reroute me. I don‚Äôt know for sure if that was ever the case so this one is dependant on the situation

5. When using FSD, the car should actually go to the top speed that you set. My max is set to 85 but the car will not go above 79/80 even if there is a lot of space in front of me, so i have to keep pressing the accelerator which is annoying 

6. Add an option for pin to drive on the app. This would be useful in case you don‚Äôt want people who are in your car to see what your pin is. If I can do it on my phone I can hide my pin from other people. ",61,0.73,87,teslamotors,https://www.reddit.com/r/teslamotors/comments/1lu9n7x/model_3_feedback/,/r/teslamotors/comments/1lu9n7x/model_3_feedback/,,neutral,0.7418758869171143
1ltf7ah,2025-07-06,2025-07-06 23:25:25+00:00,Formula for calculating Battery capacity,,74,0.85,27,teslamotors,https://www.reddit.com/r/TeslaLounge/comments/1lt691c/formula_for_calculating_battery_capacity_using/?utm_source=share&utm_medium=mweb3x&utm_name=mweb3xcss&utm_term=1&utm_content=share_button,/r/teslamotors/comments/1ltf7ah/formula_for_calculating_battery_capacity/,,neutral,0.9434475302696228
1lsvzso,2025-07-06,2025-07-06 08:07:30+00:00,‚ö° Tesla Unveils Its First Fully Off-Grid Solar Supercharger Station,"Tesla has launched a new Supercharger station in Lost Hills, California, that runs entirely on solar energy and battery storage. The site features 11 MW of solar panels and 10 Megapacks, making it completely independent from the power grid. Once fully completed, it will become the largest Supercharger station in the world with 168 stalls.



üîó [Full article here](https://imformati.com/news/395)",2498,0.97,197,teslamotors,https://i.redd.it/duuqvrhto7bf1.jpeg,/r/teslamotors/comments/1lsvzso/tesla_unveils_its_first_fully_offgrid_solar/,,neutral,0.7382681965827942
1lrmuz4,2025-07-04,2025-07-04 16:23:40+00:00,Financial Times on BBB/Tesla Impact,"The Financial Times has the best article I've come across yet trying to figure out to what extent the BBB hits Tesla. Of course, a lot is simply unknown to investors outside of Tesla. Here are some choice quotes I found interesting. FT is paywalled but I trust somebody here can figure that out.

>Tesla does not break down its profits from regulatory credits by region, or between the three American programmes. But a person familiar with the matter said that on average as much as three-quarters came from the US, with the remainder from similar systems in the European Union and Asia.

>In the US, there is little hope of reviving US federal emission credits while Trump is in office. But California has sued over the administration‚Äôs efforts to shut down its scheme, in which Tesla has by far the biggest balance of credits.

>Beyond selling cars and credits, it also manufactures its own batteries, runs a network of about 2,600 US EV supercharger stations, builds solar roof tiles and commercial and residential battery storage packs. Almost all of those businesses will lose significant federal support or tax relief; only energy storage subsidies remain in place. Particularly damaging will be the removal of a $7,500 federal tax credit for certain EV purchases and leases at the end of September.

Hopefully an investor will ask at the Q2 earnings call what Tesla's projections show for earnings losses. So much uncertainty!",147,0.88,95,teslamotors,https://www.ft.com/content/aaf1a903-1936-4807-9fa0-6fbbe2485edb,/r/teslamotors/comments/1lrmuz4/financial_times_on_bbbtesla_impact/,,neutral,0.907528281211853
1lr0ybn,2025-07-03,2025-07-03 21:08:30+00:00,"EV adoption is spreading! Tesla Model Y taxis have been launched in Erbil, Iraq.",Great to see this initiative in the Kurdistan Region of Iraq to bring in electric taxis. They are using Tesla Model Ys for their new fleet. This is a huge step for better air quality and a cleaner climate in the city. Love to see progress like this happening all over the world.,373,0.82,40,teslamotors,https://i.redd.it/wfypocuf5qaf1.jpeg,/r/teslamotors/comments/1lr0ybn/ev_adoption_is_spreading_tesla_model_y_taxis_have/,,positive,0.5690054893493652
1lqymt9,2025-07-03,2025-07-03 19:32:25+00:00,"FREE RED, WHITE, OR BLUE PAINT!! (deal ends July 14th)",,382,0.76,122,teslamotors,https://i.redd.it/wqxn0lqaopaf1.jpeg,/r/teslamotors/comments/1lqymt9/free_red_white_or_blue_paint_deal_ends_july_14th/,,neutral,0.9304829239845276
1lqdhbb,2025-07-03,2025-07-03 01:47:22+00:00,CyberTaxi FSD Training Cars in Austin,Swarms of various Tesla cars with varying sensor packages are all over Austin tonight just outside the current CyberTaxi service area. ,432,0.89,103,teslamotors,https://www.reddit.com/gallery/1lqdhbb,/r/teslamotors/comments/1lqdhbb/cybertaxi_fsd_training_cars_in_austin/,,neutral,0.9326958656311035
1lpw7y4,2025-07-02,2025-07-02 13:43:45+00:00,"Second Quarter 2025 Production, Deliveries & Deployments",,132,0.86,174,teslamotors,https://ir.tesla.com/press-release/tesla-second-quarter-2025-production-deliveries-deployments,/r/teslamotors/comments/1lpw7y4/second_quarter_2025_production_deliveries/,,neutral,0.9210063815116882
1lpmltj,2025-07-02,2025-07-02 04:20:32+00:00,"$TSLA CFO sells tons of shares, little to no insider buys.",[https://www.insiderdashboard.com/search?page=1&query=TSLA](https://www.insiderdashboard.com/search?page=1&query=TSLA),276,0.8,72,teslamotors,https://i.redd.it/7u5urcng0eaf1.png,/r/teslamotors/comments/1lpmltj/tsla_cfo_sells_tons_of_shares_little_to_no/,,neutral,0.9064125418663025
1lp4ci0,2025-07-01,2025-07-01 15:17:38+00:00,üî•,,0,0.41,8,teslamotors,https://i.redd.it/t9yvjkg05aaf1.jpeg,/r/teslamotors/comments/1lp4ci0/_/,,neutral,0.905218780040741
1los0fd,2025-07-01,2025-07-01 03:55:32+00:00,Here is a look at what will grok look like on your tesla requires premium connectivity and a grok account,,576,0.88,172,teslamotors,https://www.reddit.com/gallery/1los0fd,/r/teslamotors/comments/1los0fd/here_is_a_look_at_what_will_grok_look_like_on/,,neutral,0.9414845705032349
1lnqjru,2025-06-29,2025-06-29 21:46:47+00:00,"V4 Supercharger online in P√§rnu, Estonia","For a long time the Baltic States in Eastern Europe was non existant in the world of Tesla. But then things started rolling and now we have at least a Supercharger in every Baltic state!

8 v4 stalls just opened up in P√§rnu, Estonia and you can charge there for free for a limited time. 0‚Ç¨ fees.

It must be weird to think that you can live in a country where Tesla has no presence but it is definetly sweet to see things rolling out around here at the edge  too!!
",175,0.92,24,teslamotors,https://i.redd.it/3on18qhmsx9f1.jpeg,/r/teslamotors/comments/1lnqjru/v4_supercharger_online_in_p√§rnu_estonia/,,neutral,0.9211389422416687
1lnlweb,2025-06-29,2025-06-29 18:32:13+00:00,Tesla's LFP cell manufacturing factory in North America nearing completion,,820,0.92,99,teslamotors,https://v.redd.it/32wyh9fttw9f1,/r/teslamotors/comments/1lnlweb/teslas_lfp_cell_manufacturing_factory_in_north/,,neutral,0.6940656900405884
1lnj8j2,2025-06-29,2025-06-29 16:44:02+00:00,"The Launch edition/ Refresh looks sooo good in the dark üòç, can't see how people hate the lightbar",,216,0.75,74,teslamotors,https://www.reddit.com/gallery/1lnj8j2,/r/teslamotors/comments/1lnj8j2/the_launch_edition_refresh_looks_sooo_good_in_the/,,neutral,0.880178689956665
1lnib2e,2025-06-29,2025-06-29 16:05:19+00:00,Tesla's IPO was 15 years ago. The stock is up almost 300-fold since then,,247,0.81,63,teslamotors,https://www.cnbc.com/2025/06/29/teslas-ipo-was-15-years-ago-the-stock-is-up-300-fold-since-then.html,/r/teslamotors/comments/1lnib2e/teslas_ipo_was_15_years_ago_the_stock_is_up/,,positive,0.8429388403892517
1lndve2,2025-06-29,2025-06-29 12:47:55+00:00,CT in Seoul,,270,0.87,17,teslamotors,https://www.reddit.com/gallery/1lndve2,/r/teslamotors/comments/1lndve2/ct_in_seoul/,,neutral,0.9276137948036194
1ln2izf,2025-06-29,2025-06-29 01:15:38+00:00,V4 pedestal screens updated,V4 pedestal screens now show charging data. Witnessed this at two locations in Northern California ,254,0.95,42,teslamotors,https://i.redd.it/2omffoxyor9f1.jpeg,/r/teslamotors/comments/1ln2izf/v4_pedestal_screens_updated/,,neutral,0.8834271430969238
1lmzk7q,2025-06-28,2025-06-28 22:47:10+00:00,Solar Panels on Cybertruck,Curious about the usefulness of solar panels ,1378,0.94,289,teslamotors,https://i.redd.it/unclhcihyq9f1.jpeg,/r/teslamotors/comments/1lmzk7q/solar_panels_on_cybertruck/,,neutral,0.9037855863571167
1lmvt20,2025-06-28,2025-06-28 19:55:29+00:00,Tesla I wrapped a few years back.,,471,0.89,59,teslamotors,https://i.redd.it/cr8yjctu3q9f1.jpeg,/r/teslamotors/comments/1lmvt20/tesla_i_wrapped_a_few_years_back/,,neutral,0.9303632378578186
1lmt37b,2025-06-28,2025-06-28 17:58:04+00:00,Tesla has not announced yet a summer update but what things you are hoping for the next update,,0,0.46,67,teslamotors,https://i.redd.it/3pncnhqwip9f1.jpeg,/r/teslamotors/comments/1lmt37b/tesla_has_not_announced_yet_a_summer_update_but/,,neutral,0.9462839961051941
1lmgop8,2025-06-28,2025-06-28 07:11:36+00:00,World's First Autonomous Delivery of a Car | Tesla,"This Tesla drove itself from Gigafactory Texas to its new owner's home ~30min away ‚Äî crossing parking lots, highways & the city to reach it's new owner. The first autonomous vehicle delivery of it's kind in the world. ",693,0.88,190,teslamotors,https://youtu.be/GU16hXSSGKs?si=Ov9rFtH62EAj5ArU,/r/teslamotors/comments/1lmgop8/worlds_first_autonomous_delivery_of_a_car_tesla/,,neutral,0.8906633853912354
1lmbsjm,2025-06-28,2025-06-28 02:21:23+00:00,"Not Mine, But Worth Sharing!",,941,0.87,54,teslamotors,https://i.redd.it/fubpdphnvk9f1.jpeg,/r/teslamotors/comments/1lmbsjm/not_mine_but_worth_sharing/,,neutral,0.8739023804664612
1lm3q84,2025-06-27,2025-06-27 20:07:44+00:00,"The first fully autonomous delivery of a Tesla Model Y from factory to a customer home across town, including highways, was just completed a day ahead of schedule",,652,0.86,137,teslamotors,https://x.com/elonmusk/status/1938681051939008549,/r/teslamotors/comments/1lm3q84/the_first_fully_autonomous_delivery_of_a_tesla/,,neutral,0.8615388870239258
1llscqw,2025-06-27,2025-06-27 12:15:08+00:00,"Cortex 1 is running at full capacity, says Musk, Cortex 2 construction update",,90,0.76,16,teslamotors,https://www.teslaoracle.com/2025/06/27/tesla-fsd-cortex-ai-supercluster-is-running-at-full-capacity-confirms-elon-musk/,/r/teslamotors/comments/1llscqw/cortex_1_is_running_at_full_capacity_says_musk/,,neutral,0.5918853282928467
1lliff5,2025-06-27,2025-06-27 02:16:09+00:00,"Pepsi fleet semi spotted today near firebaugh, CA",The future of trucking,542,0.91,44,teslamotors,https://i.redd.it/9jwn1a3ypd9f1.jpeg,/r/teslamotors/comments/1lliff5/pepsi_fleet_semi_spotted_today_near_firebaugh_ca/,,neutral,0.8494067192077637
1llg63p,2025-06-27,2025-06-27 00:23:44+00:00,Tesla parts ways with top executive and fixer for Elon Musk,,96,0.81,21,teslamotors,https://www.ft.com/content/27e5413b-2ac3-426e-bda6-2a95ef42b80e,/r/teslamotors/comments/1llg63p/tesla_parts_ways_with_top_executive_and_fixer_for/,,negative,0.6526554822921753
1lldtb8,2025-06-26,2025-06-26 22:36:23+00:00,"Tesla pressure tests virtual queuing at Superchargers, public pilots coming soon",,263,0.91,94,teslamotors,https://x.com/mdezegher/status/1938315278573834571?s=46&t=Mj3Wz0ulX1Eu1u4P8DTbQg,/r/teslamotors/comments/1lldtb8/tesla_pressure_tests_virtual_queuing_at/,,neutral,0.9291750192642212
1liusx2,2025-06-23,2025-06-23 22:41:10+00:00,"""For those curious, Tesla‚Äôs Robotaxi will automatically log out of all your apps when you exit the vehicle to maintain privacy. When you take your next ride, those apps will be automatically logged in when you enter the vehicle."" From @SawyerMerritt",,550,0.91,89,teslamotors,https://x.com/SawyerMerritt/status/1937273001541881952?t=dvyENcysCDw5zq8KGS41RA&s=19,/r/teslamotors/comments/1liusx2/for_those_curious_teslas_robotaxi_will/,,neutral,0.9098976850509644
1licvoc,2025-06-23,2025-06-23 10:14:07+00:00,Model Y has new windshield wipers cleaning routine to keep its FSD cameras unobstructed in robotaxi mode,Tesla has a new windshield wiper cleaning routine that helps when the car is driving in robotaxi mode.,238,0.91,41,teslamotors,https://x.com/DirtyTesLa/status/1936996391638683655,/r/teslamotors/comments/1licvoc/model_y_has_new_windshield_wipers_cleaning/,,neutral,0.7875233888626099
1li5c3x,2025-06-23,2025-06-23 02:28:12+00:00,RoboTaxi: The Safety Monitors all rest their finger on/near the door release button. Maybe some kind of go/stop input when FSD gets stuck in a jam..,,897,0.91,194,teslamotors,https://i.redd.it/vued6pag8l8f1.jpeg,/r/teslamotors/comments/1li5c3x/robotaxi_the_safety_monitors_all_rest_their/,,neutral,0.7553704380989075
1li4tfe,2025-06-23,2025-06-23 02:00:53+00:00,"Musk: ""Super congratulations to the @Tesla_AI software & chip design teams on a successful @Robotaxi launch!! Culmination of a decade of hard work. Both the AI chip and software teams were built from scratch within Tesla.""",,453,0.81,185,teslamotors,https://x.com/elonmusk/status/1936876178356490546,/r/teslamotors/comments/1li4tfe/musk_super_congratulations_to_the_tesla_ai/,,positive,0.8243241906166077
1lhykl5,2025-06-22,2025-06-22 21:02:14+00:00,"For all those who may be confused. The gold 2 seater Tesla is called Cybercab, it will be part of the robotaxi fleet, just like the current Model Y‚Äôs that are being operated as robotaxis.",,111,0.81,35,teslamotors,https://www.reddit.com/r/teslamotors/comments/1lhykl5/for_all_those_who_may_be_confused_the_gold_2/,/r/teslamotors/comments/1lhykl5/for_all_those_who_may_be_confused_the_gold_2/,,neutral,0.9327498078346252
1lhxjcf,2025-06-22,2025-06-22 20:18:10+00:00,Dirty Tesla Robotaxi Live,,103,0.75,36,teslamotors,https://x.com/DirtyTesLa/status/1936880844146131338,/r/teslamotors/comments/1lhxjcf/dirty_tesla_robotaxi_live/,,neutral,0.934881329536438
1lhwy79,2025-06-22,2025-06-22 19:53:31+00:00,"When your Robo taxi arrives, the exterior lights pulse so you don‚Äôt get it confused with one of the other million Teslas on the road",,206,0.85,45,teslamotors,https://x.com/DirtyTesLa/status/1936873923880103946,/r/teslamotors/comments/1lhwy79/when_your_robo_taxi_arrives_the_exterior_lights/,,neutral,0.9330645799636841
1lhwoog,2025-06-22,2025-06-22 19:42:19+00:00,"Custom FSD buttons. Other than this, it's a normal Y",,49,0.81,12,teslamotors,https://x.com/DirtyTesLa/status/1936867325799739810,/r/teslamotors/comments/1lhwoog/custom_fsd_buttons_other_than_this_its_a_normal_y/,,neutral,0.9221298694610596
1lhwnyn,2025-06-22,2025-06-22 19:41:27+00:00,First turns in the Robotaxi,,2072,0.92,235,teslamotors,https://v.redd.it/q8g6makv7j8f1,/r/teslamotors/comments/1lhwnyn/first_turns_in_the_robotaxi/,,neutral,0.9188485145568848
1lhwg1r,2025-06-22,2025-06-22 19:31:41+00:00,Robotaxi Launch party command center,[https://x.com/aelluswamy/status/1936865682810946035](https://x.com/aelluswamy/status/1936865682810946035),1074,0.87,231,teslamotors,https://i.redd.it/lm9upvm36j8f1.jpeg,/r/teslamotors/comments/1lhwg1r/robotaxi_launch_party_command_center/,,neutral,0.9314719438552856
1lhwb18,2025-06-22,2025-06-22 19:25:41+00:00,Tesla RoboTaxi First Public Ride Livestream From Bearded Tesla,,31,0.61,26,teslamotors,https://x.com/BeardedTesla/status/1936862782248640750,/r/teslamotors/comments/1lhwb18/tesla_robotaxi_first_public_ride_livestream_from/,,neutral,0.9116478562355042
1lhv09h,2025-06-22,2025-06-22 18:31:52+00:00,First look at Tesla Robotaxi rear screen UI,,741,0.92,64,teslamotors,https://i.redd.it/8rr67nwgvi8f1.jpeg,/r/teslamotors/comments/1lhv09h/first_look_at_tesla_robotaxi_rear_screen_ui/,,neutral,0.9258579015731812
1lhp6v2,2025-06-22,2025-06-22 14:27:43+00:00,Robotaxi launching in Austin today,"Got the news from X, here

",201,0.82,48,teslamotors,https://x.com/battleangelviv/status/1936788771598414079?t=nKqnh_FVDcKdydsIIWUojw&s=19,/r/teslamotors/comments/1lhp6v2/robotaxi_launching_in_austin_today/,,neutral,0.8953831195831299
1lhf6sk,2025-06-22,2025-06-22 04:19:30+00:00,Refreshed S/X,Dropped by a Tesla space and they have the refreshed models. Lights look pretty good. ,620,0.88,205,teslamotors,https://www.reddit.com/gallery/1lhf6sk,/r/teslamotors/comments/1lhf6sk/refreshed_sx/,,positive,0.8596634268760681
1lh0pya,2025-06-21,2025-06-21 16:35:45+00:00,Tesla Introduces Affordable Windshield Protection Plan in the U.S.,https://driveteslacanada.ca/news/tesla-introduces-affordable-windshield-protection-plan-in-the-u-s/,203,0.8,110,teslamotors,https://www.reddit.com/r/teslamotors/comments/1lh0pya/tesla_introduces_affordable_windshield_protection/,/r/teslamotors/comments/1lh0pya/tesla_introduces_affordable_windshield_protection/,,neutral,0.8136176466941833
1lgpyru,2025-06-21,2025-06-21 06:32:16+00:00,Superior Durability of Cybertruck HFS (Hard Freaking Stainless),,24,0.6,33,teslamotors,https://www.tesla.com/learn/superior-durability-cybertruck-hfs-hard-freaking-stainless,/r/teslamotors/comments/1lgpyru/superior_durability_of_cybertruck_hfs_hard/,,positive,0.867110013961792
1lgheqf,2025-06-20,2025-06-20 22:48:21+00:00,"ESA extended service agreement switching to monthly fee, up to 54 months or 100k miles",Received this notification in app today. 3 months free extension to my existing 2 year/25k mile agreement,73,0.87,26,teslamotors,https://i.redd.it/t1ih9xkev58f1.png,/r/teslamotors/comments/1lgheqf/esa_extended_service_agreement_switching_to/,,neutral,0.863861083984375
1lgdde4,2025-06-20,2025-06-20 19:54:11+00:00,Model Y Juniper performance spotted,,499,0.86,127,teslamotors,https://www.reddit.com/gallery/1lgdde4,/r/teslamotors/comments/1lgdde4/model_y_juniper_performance_spotted/,,positive,0.6489486694335938
1lg3o50,2025-06-20,2025-06-20 13:13:17+00:00,Tesla has started rolling out initial round of Robotaxi invites,https://www.teslarati.com/tesla-has-started-rolling-out-robotaxi-invites/,310,0.86,212,teslamotors,https://www.reddit.com/r/teslamotors/comments/1lg3o50/tesla_has_started_rolling_out_initial_round_of/,/r/teslamotors/comments/1lg3o50/tesla_has_started_rolling_out_initial_round_of/,,neutral,0.9191934466362
1lfbq9c,2025-06-19,2025-06-19 14:08:24+00:00,Texas lawmakers ask Tesla to delay Robotaxi launch ahead of new autonomous driving law,,191,0.87,32,teslamotors,https://driveteslacanada.ca/news/texas-lawmakers-ask-tesla-to-delay-robotaxi-launch-ahead-of-new-autonomous-driving-law/,/r/teslamotors/comments/1lfbq9c/texas_lawmakers_ask_tesla_to_delay_robotaxi/,,negative,0.8590214252471924
1lel88u,2025-06-18,2025-06-18 16:15:05+00:00,Tesla service invoices in Canada can now be financed through Affirm,,58,0.8,9,teslamotors,https://driveteslacanada.ca/news/tesla-service-invoices-in-canada-can-now-be-financed-through-affirm/,/r/teslamotors/comments/1lel88u/tesla_service_invoices_in_canada_can_now_be/,,neutral,0.9150001406669617
1ledql7,2025-06-18,2025-06-18 10:34:16+00:00,Close up look at Optimus robot (Gen 2),,1313,0.89,247,teslamotors,https://v.redd.it/k66faxffyn7f1,/r/teslamotors/comments/1ledql7/close_up_look_at_optimus_robot_gen_2/,,neutral,0.9293887615203857
1lebgs5,2025-06-18,2025-06-18 08:01:38+00:00,Tesla‚Äôs Approach to Autonomy: 7x Safer and 7x Cheaper than Waymo,,1,0.51,14,teslamotors,https://www.notateslaapp.com/news/2824/teslas-approach-to-autonomy-7x-safer-and-7x-cheaper-than-waymo,/r/teslamotors/comments/1lebgs5/teslas_approach_to_autonomy_7x_safer_and_7x/,,positive,0.7041575908660889
1la3vdp,2025-06-13,2025-06-13 01:37:28+00:00,Model S/X refresh launches today,,361,0.8,334,teslamotors,https://x.com/Tesla/status/1933332656466636911,/r/teslamotors/comments/1la3vdp/model_sx_refresh_launches_today/,,neutral,0.9169343709945679
1l9b1as,2025-06-12,2025-06-12 02:18:38+00:00,Juniper at sunset - part 2,,553,0.86,56,teslamotors,https://i.redd.it/l5mu4dvpoe6f1.jpeg,/r/teslamotors/comments/1l9b1as/juniper_at_sunset_part_2/,,neutral,0.9333555102348328
1l8sovi,2025-06-11,2025-06-11 13:28:07+00:00,"Tesla robotaxi service launch set for June 22, first driverless delivery scheduled for June 28: Elon Musk",,310,0.87,153,teslamotors,https://driveteslacanada.ca/news/tesla-robotaxi-service-launch-set-for-june-22-first-driverless-delivery-scheduled-for-june-28-elon-musk/,/r/teslamotors/comments/1l8sovi/tesla_robotaxi_service_launch_set_for_june_22/,,neutral,0.9027379751205444
1l8hptj,2025-06-11,2025-06-11 02:43:08+00:00,Announcing the TeslaVision fan video showcase,,7,0.55,1,teslamotors,https://x.com/tesla/status/1932559030892802153?s=46&t=lufx5iDfINwVmhDG6KEzOA,/r/teslamotors/comments/1l8hptj/announcing_the_teslavision_fan_video_showcase/,,neutral,0.9430552124977112
1l84dkq,2025-06-10,2025-06-10 17:13:40+00:00,"First ever Tesla Model Y robotaxi with no-one in the drivers seat spotted testing on public roads in Austin, Texas!",Credit video on X https://x.com/terrapinterpene/status/1932428149364596772?s=46&t=Mj3Wz0ulX1Eu1u4P8DTbQg,1582,0.88,429,teslamotors,https://v.redd.it/8kp6tzuku46f1,/r/teslamotors/comments/1l84dkq/first_ever_tesla_model_y_robotaxi_with_noone_in/,,neutral,0.9437088370323181
1l815xc,2025-06-10,2025-06-10 15:08:22+00:00,Tesla teases upcoming 7-seat Model Y in new email to customers,,84,0.8,31,teslamotors,https://www.teslaoracle.com/2025/06/09/tesla-tsla-teases-7-seat-model-y-in-new-email-to-customers/,/r/teslamotors/comments/1l815xc/tesla_teases_upcoming_7seat_model_y_in_new_email/,,neutral,0.8992712497711182
1l7rm0h,2025-06-10,2025-06-10 06:20:32+00:00,Tesla versus Waymo: Two Very Different Roads to Full Autonomy.,"üöó Tesla vs. Waymo: Two Very Different Roads to Full Autonomy üõ£Ô∏è

Take a look at the illustration below (credit: Chris Philpot, BloombergNEF). It reveals just how differently two leaders in self-driving technology ‚Äúsee‚Äù the world:

Tesla vs Waymo
Cameras - 8 vs 14
Radar - 0 vs 6
Lidar - 0 vs 4
Total sensors - 8 vs 24

Key Take-aways

1. Minimalism vs. Redundancy
Tesla bets on an 8-camera, vision-only stack. Waymo layers cameras + radar + LiDAR (24 sensors) for high-confidence perception.


2. Cost & Scalability
Fewer sensors mean lower BOM and easier mass production for Tesla‚Äîbut also heavier reliance on advanced AI to make up for missing depth data.


3. Edge-Case Handling
Multi-modal sensing (Waymo) can offer robustness in low-light, glare, and inclement weather. Vision-only (Tesla) must solve these purely in software.


4. Compute Requirements
More sensors = richer data = greater processing demands. Waymo‚Äôs stack leans on hefty onboard compute; Tesla optimizes around its custom FSD chips and over-the-air neural-network updates.

Which philosophy will win out as we close in on Level 4/5 autonomy‚Äî AI-centric minimalism or sensor-fusion redundancy? And how should startups or tier-1 suppliers and OEMs position themselves in this debate?

Drop your thoughts below! üëá",1357,0.91,638,teslamotors,https://i.redd.it/yelcdgv1m16f1.jpeg,/r/teslamotors/comments/1l7rm0h/tesla_versus_waymo_two_very_different_roads_to/,,neutral,0.9116531014442444
1l7eq2q,2025-06-09,2025-06-09 19:56:55+00:00,Tesla Model Y reclaims the best-selling SUV crown in China for May,,614,0.85,133,teslamotors,https://carnewschina.com/2025/06/09/tesla-model-y-reclaims-the-best-selling-suv-crown-in-china-for-may/,/r/teslamotors/comments/1l7eq2q/tesla_model_y_reclaims_the_bestselling_suv_crown/,,positive,0.8788840174674988
1l6kkui,2025-06-08,2025-06-08 19:26:35+00:00,Juniper at sunset,"
",599,0.83,26,teslamotors,https://i.redd.it/0wt9qnug8r5f1.jpeg,/r/teslamotors/comments/1l6kkui/juniper_at_sunset/,,neutral,0.9275943636894226
1l62xf4,2025-06-08,2025-06-08 03:44:41+00:00,New Model S spotted again,I spotted a Model S parked in the new color and the slight tweaks they are doing for the refresh I heard is coming soon ,1502,0.88,343,teslamotors,https://www.reddit.com/gallery/1l62xf4,/r/teslamotors/comments/1l62xf4/new_model_s_spotted_again/,,positive,0.6345999836921692
1l3zom8,2025-06-05,2025-06-05 13:49:52+00:00,Tesla Introduces Convenient New Way to Unlatch Charging Cable in Software Update 2025.20,,308,0.86,89,teslamotors,https://driveteslacanada.ca/news/tesla-introduces-convenient-new-way-to-unlatch-charging-cable-in-software-update-2025-20/,/r/teslamotors/comments/1l3zom8/tesla_introduces_convenient_new_way_to_unlatch/,,neutral,0.8011155724525452
1l38k6n,2025-06-04,2025-06-04 15:30:56+00:00,Tesla to power Shanghai Megafactory with 6 MW solar and 8 MWh Megapack project,,164,0.84,7,teslamotors,https://driveteslacanada.ca/news/tesla-to-power-shanghai-megafactory-with-6-mw-solar-and-8-mwh-megapack-project/,/r/teslamotors/comments/1l38k6n/tesla_to_power_shanghai_megafactory_with_6_mw/,,neutral,0.8460674285888672
1l28tux,2025-06-03,2025-06-03 10:54:10+00:00,"Tesla Powerwall Production Milestone ‚Äì 1,000,000 Units Built",,294,0.85,31,teslamotors,https://driveteslacanada.ca/news/tesla-powerwall-production-milestone-1000000-units-built/,/r/teslamotors/comments/1l28tux/tesla_powerwall_production_milestone_1000000/,,neutral,0.7726694345474243
1l1xcb8,2025-06-02,2025-06-02 23:41:34+00:00,"Tesla: ""Sales in Norway up 213% year over year üá≥üá¥""",,543,0.74,218,teslamotors,https://x.com/teslaeurope/status/1929603674684182825,/r/teslamotors/comments/1l1xcb8/tesla_sales_in_norway_up_213_year_over_year/,,positive,0.9531757235527039
1kzbxu6,2025-05-30,2025-05-30 18:40:00+00:00,No More Superchargers on NJ Turnpike,,1187,0.95,481,teslamotors,https://www.reddit.com/gallery/1kzbxu6,/r/teslamotors/comments/1kzbxu6/no_more_superchargers_on_nj_turnpike/,,neutral,0.9103438258171082
1kyknyx,2025-05-29,2025-05-29 20:03:35+00:00,The Faberg√© Egg Of Cars,,165,0.87,66,teslamotors,https://www.reddit.com/gallery/1kyknyx,/r/teslamotors/comments/1kyknyx/the_faberg√©_egg_of_cars/,,neutral,0.9007338285446167
1ky6kbh,2025-05-29,2025-05-29 09:37:14+00:00,"Musk: ""For the past several days, Tesla has been testing self-driving Model Y cars (no one in driver‚Äôs seat) on Austin public streets with no incidents. A month ahead of schedule. Next month, first self-delivery from factory to customer.""",,569,0.8,396,teslamotors,https://x.com/elonmusk/status/1927970940874354941,/r/teslamotors/comments/1ky6kbh/musk_for_the_past_several_days_tesla_has_been/,,neutral,0.8654265999794006
1kxievp,2025-05-28,2025-05-28 14:23:57+00:00,Live activity for supercharging on iOS,,147,0.85,30,teslamotors,https://i.redd.it/t4n1p22g8j3f1.jpeg,/r/teslamotors/comments/1kxievp/live_activity_for_supercharging_on_ios/,,neutral,0.936853289604187
1kxfac7,2025-05-28,2025-05-28 12:02:18+00:00,Tesla Rolls Out ‚ÄòChild Left Alone Detection‚Äô Feature in 2025.14.12 Software Update,,605,0.93,152,teslamotors,https://driveteslacanada.ca/news/tesla-rolls-out-child-left-alone-detection-feature-in-2025-14-12-software-update/,/r/teslamotors/comments/1kxfac7/tesla_rolls_out_child_left_alone_detection/,,neutral,0.9429585933685303
1kuioms,2025-05-24,2025-05-24 18:41:35+00:00,Tesla Launches Alcantara Dash Trim Upgrade for New Model 3 and Model Y,,252,0.82,122,teslamotors,https://www.notateslaapp.com/news/2745/tesla-launches-alcantara-dash-trim-upgrade-for-new-model-3-and-model-y,/r/teslamotors/comments/1kuioms/tesla_launches_alcantara_dash_trim_upgrade_for/,,positive,0.5329205989837646
1kt75ho,2025-05-23,2025-05-23 01:08:28+00:00,Tesla 48 hour experience,Just saw this offer on the Tesla app and thought it‚Äôs pretty cool. Anyone already try this out?,899,0.88,391,teslamotors,https://i.redd.it/iltop5wylf2f1.jpeg,/r/teslamotors/comments/1kt75ho/tesla_48_hour_experience/,,neutral,0.8945251107215881
1kt2aos,2025-05-22,2025-05-22 21:18:47+00:00,Model X refresh interior spotted,https://x.com/klwtts/status/1925660612048138320?s=46&t=Mj3Wz0ulX1Eu1u4P8DTbQg,543,0.85,263,teslamotors,https://www.reddit.com/gallery/1kt2aos,/r/teslamotors/comments/1kt2aos/model_x_refresh_interior_spotted/,,neutral,0.8762245178222656
1kso4c9,2025-05-22,2025-05-22 11:16:57+00:00,Tesla also testing camouflaged Model S at N√ºrburgring ahead of refresh,,189,0.83,106,teslamotors,https://driveteslacanada.ca/news/tesla-also-testing-camouflaged-model-s-at-nurburgring-ahead-of-refresh/,/r/teslamotors/comments/1kso4c9/tesla_also_testing_camouflaged_model_s_at/,,neutral,0.8604519367218018
1ksgfel,2025-05-22,2025-05-22 02:56:19+00:00,New Tesla Optimus Video Shows Humanoid Robot Doing Household Chores,,1104,0.85,405,teslamotors,https://v.redd.it/m5cyuae4092f1,/r/teslamotors/comments/1ksgfel/new_tesla_optimus_video_shows_humanoid_robot/,,neutral,0.9355669021606445
1krw9j8,2025-05-21,2025-05-21 12:12:22+00:00,"Elon Musk reaffirms role as Tesla CEO, says no concerns with demand",,627,0.84,345,teslamotors,https://driveteslacanada.ca/news/elon-musk-reaffirms-role-as-tesla-ceo-says-no-concerns-with-demand/,/r/teslamotors/comments/1krw9j8/elon_musk_reaffirms_role_as_tesla_ceo_says_no/,,neutral,0.9080703854560852
1krofyy,2025-05-21,2025-05-21 03:45:32+00:00,New model Y spotted under cover on the Nurbrugring track,https://www.carscoops.com/2025/05/new-tesla-model-y-performance-breaks-cover-plaid-wheels-and-all/,887,0.87,110,teslamotors,https://www.reddit.com/gallery/1krofyy,/r/teslamotors/comments/1krofyy/new_model_y_spotted_under_cover_on_the/,,neutral,0.9115265011787415
1kri9cj,2025-05-20,2025-05-20 22:33:56+00:00,Elon Musk confirms Tesla plan for robotaxis on Austin roads in June,,250,0.8,147,teslamotors,https://www.cnbc.com/2025/05/20/elon-musk-tesla-robotaxi.html,/r/teslamotors/comments/1kri9cj/elon_musk_confirms_tesla_plan_for_robotaxis_on/,,neutral,0.8317779898643494
1kr6kt6,2025-05-20,2025-05-20 14:41:33+00:00,Tesla Powerwall owners earn nearly $10 million through Virtual Power Plants (VPP) in 2024,,205,0.81,25,teslamotors,https://driveteslacanada.ca/news/tesla-powerwall-owners-10-million-vpp-2024/,/r/teslamotors/comments/1kr6kt6/tesla_powerwall_owners_earn_nearly_10_million/,,neutral,0.752167820930481
1kqg2i5,2025-05-19,2025-05-19 16:28:09+00:00,Tesla Looks to Improve LFP Battery Performance and Bring Production to the U.S.,,161,0.8,40,teslamotors,https://www.notateslaapp.com/news/2737/teslas-boosted-lfp-battery-chemistry-for-us-production,/r/teslamotors/comments/1kqg2i5/tesla_looks_to_improve_lfp_battery_performance/,,positive,0.9428091049194336
1kozco2,2025-05-17,2025-05-17 18:10:43+00:00,New Naples Service Center,"Went to the new service center today and test drove the model y. Excellent building, very large space for serving customers and cars alike. Great staff, should do very well there. 

Radio road location.  They opened 5 days ago. ",224,0.75,19,teslamotors,https://i.redd.it/hutu1dpvud1f1.jpeg,/r/teslamotors/comments/1kozco2/new_naples_service_center/,,positive,0.8107070326805115
1kowyyo,2025-05-17,2025-05-17 16:25:58+00:00,"Regardless of what and whatever, the people at Tesla makes really good vehicles","Been driving this for +5000km, it is very good :) ",2047,0.7,460,teslamotors,https://i.redd.it/c7epzlq6cd1f1.jpeg,/r/teslamotors/comments/1kowyyo/regardless_of_what_and_whatever_the_people_at/,,neutral,0.7628682255744934
1korqdv,2025-05-17,2025-05-17 12:24:03+00:00,"FSD (Supervised) testing in Melbourne, Australia",,84,0.79,15,teslamotors,https://x.com/tesla_ai/status/1923247156447871403,/r/teslamotors/comments/1korqdv/fsd_supervised_testing_in_melbourne_australia/,,neutral,0.9056786894798279
1koe6qw,2025-05-16,2025-05-16 22:49:52+00:00,"Inside Tesla‚Äôs AI Genius: VP Ashok Elluswamy Talks FSD, AGI, and the Future",,49,0.62,53,teslamotors,https://www.notateslaapp.com/news/2719/inside-teslas-ai-genius-vp-ashok-elluswamy-talks-fsd-agi-and-the-future-video,/r/teslamotors/comments/1koe6qw/inside_teslas_ai_genius_vp_ashok_elluswamy_talks/,,neutral,0.9261895418167114
1kmd0b3,2025-05-14,2025-05-14 11:42:49+00:00,"Doha, Qatar uses cybertrucks for their police cars",,1392,0.92,141,teslamotors,https://i.redd.it/2ikppaiuiq0f1.png,/r/teslamotors/comments/1kmd0b3/doha_qatar_uses_cybertrucks_for_their_police_cars/,,neutral,0.8409761786460876
1klmyg7,2025-05-13,2025-05-13 14:12:21+00:00,Tesla gets new information request from NHTSA on Robotaxi rollout,,111,0.86,46,teslamotors,https://www.teslarati.com/tesla-gets-new-information-request-from-nhtsa-on-robotaxi-rollout/,/r/teslamotors/comments/1klmyg7/tesla_gets_new_information_request_from_nhtsa_on/,,neutral,0.8492140769958496
1kllkb8,2025-05-13,2025-05-13 13:11:19+00:00,Latest dance moves from Optimus,,1261,0.82,345,teslamotors,https://v.redd.it/apgixc7nsj0f1,/r/teslamotors/comments/1kllkb8/latest_dance_moves_from_optimus/,,neutral,0.9146314263343811
1kldxdn,2025-05-13,2025-05-13 05:14:58+00:00,2025.14.6 (FSD 13.2.9) Official Tesla Release Notes - Software Updates,,134,0.89,117,teslamotors,https://www.notateslaapp.com/software-updates/version/2025.14.6/release-notes,/r/teslamotors/comments/1kldxdn/2025146_fsd_1329_official_tesla_release_notes/,,neutral,0.9461050033569336
1kib3fi,2025-05-09,2025-05-09 05:38:21+00:00,Original Tesla Roadster! First time seeing one,,1343,0.95,96,teslamotors,https://www.reddit.com/gallery/1kib3fi,/r/teslamotors/comments/1kib3fi/original_tesla_roadster_first_time_seeing_one/,,neutral,0.8912639021873474
1khc0rv,2025-05-07,2025-05-07 23:37:57+00:00,Tesla has canceled the Cybertruck Range Extender and sent an email notice to pre-orderers regarding a refund,,1038,0.95,185,teslamotors,https://x.com/sawyermerritt/status/1920253628012470621?s=46,/r/teslamotors/comments/1khc0rv/tesla_has_canceled_the_cybertruck_range_extender/,,negative,0.9604654312133789
1kh9bt2,2025-05-07,2025-05-07 21:35:53+00:00,Tesla's 'Robotaxi' and 'Cybercab' trademarks hit roadblocks ahead of June launch | TechCrunch,,149,0.89,18,teslamotors,https://techcrunch.com/2025/05/07/teslas-robotaxi-and-cybercab-trademarks-hit-roadblocks-ahead-of-june-launch/,/r/teslamotors/comments/1kh9bt2/teslas_robotaxi_and_cybercab_trademarks_hit/,,negative,0.9424731135368347
1kgz79h,2025-05-07,2025-05-07 14:48:13+00:00,Tesla offering 1-year FSD trial to Cybertruck owners,,187,0.8,106,teslamotors,https://driveteslacanada.ca/news/tesla-offering-1-year-fsd-trial-to-cybertruck-owners/,/r/teslamotors/comments/1kgz79h/tesla_offering_1year_fsd_trial_to_cybertruck/,,neutral,0.7261683344841003
1kgl7it,2025-05-07,2025-05-07 01:16:45+00:00,Model Y Juniper Long Range Rear Wheel Drive - Now Available in the US,"Tesla has officially launched the LR RWD variant of the new refreshed Juniper, starting at $44,990. This makes it $4k less compared to the LR AWD version. It does not appear at this time to be eligible for the promotional APR, only the LR AWD version is showing the discounted rate.",116,0.72,88,teslamotors,https://www.tesla.com/modely/design#overview,/r/teslamotors/comments/1kgl7it/model_y_juniper_long_range_rear_wheel_drive_now/,,neutral,0.7127320170402527
1kge1sf,2025-05-06,2025-05-06 19:57:24+00:00,Evolving Supercharger Pricing,,653,0.92,176,teslamotors,https://i.redd.it/ijuq805vv7ze1.jpeg,/r/teslamotors/comments/1kge1sf/evolving_supercharger_pricing/,,neutral,0.881274402141571
1kg7k94,2025-05-06,2025-05-06 15:36:31+00:00,"Elon responds with: ""You‚Äôre right"" to someone saying how they hate being reprimanded by FSD for even glancing at the display to add a nav stop",,698,0.89,238,teslamotors,https://x.com/elonmusk/status/1919649186322301209,/r/teslamotors/comments/1kg7k94/elon_responds_with_youre_right_to_someone_saying/,,negative,0.901336669921875
1kdqr8i,2025-05-03,2025-05-03 11:26:49+00:00,April at Tesla - Monthly Recap,,59,0.71,21,teslamotors,https://x.com/tesla/status/1918627181975998887?s=46&t=Zp1jpkPLTJIm9RRaXZvzVA,/r/teslamotors/comments/1kdqr8i/april_at_tesla_monthly_recap/,,neutral,0.8899301290512085
1kd3nq7,2025-05-02,2025-05-02 15:22:34+00:00,"Tesla: ""Earlier today, there was a media report erroneously claiming that the Tesla Board had contacted recruitment firms to initiate a CEO search at the company. This is absolutely false (and this was communicated to the media before the report was published).""",,527,0.78,236,teslamotors,https://x.com/Tesla/status/1917812113315074055,/r/teslamotors/comments/1kd3nq7/tesla_earlier_today_there_was_a_media_report/,,negative,0.8244185447692871
1kb8jnw,2025-04-30,2025-04-30 05:04:00+00:00,Only Teslas Exempt from New Auto Tariffs Thanks to 85% Domestic Content Rule,,998,0.92,137,teslamotors,https://fuelarc.com/cars/only-tesla-exempt-from-new-auto-tariffs-thanks-to-85-domestic-content-rule/,/r/teslamotors/comments/1kb8jnw/only_teslas_exempt_from_new_auto_tariffs_thanks/,,neutral,0.6142714023590088
1kao9en,2025-04-29,2025-04-29 13:43:03+00:00,@Tesla_AI: Q1 2025 vehicle safety report https://t.co/h1zvr0BjKM,,69,0.72,50,teslamotors,https://twitter.com/Tesla_AI/status/1917211174782857487,/r/teslamotors/comments/1kao9en/tesla_ai_q1_2025_vehicle_safety_report/,,neutral,0.8171890377998352
1ka2rwz,2025-04-28,2025-04-28 18:27:42+00:00,Tesla Manufacturing: RT @tesla_semi: Semi Factory progress update https://t.co/OQ1oXvnjev,,67,0.72,42,teslamotors,https://twitter.com/gigafactories/status/1916921053000966591,/r/teslamotors/comments/1ka2rwz/tesla_manufacturing_rt_tesla_semi_semi_factory/,,neutral,0.9354349374771118
1k8ipeu,2025-04-26,2025-04-26 17:45:08+00:00,FSD transfer is back,"To my knowledge, this is the first time since the Juniper Model Y started shipping that they're offering to transfer FSD from a Tesla you own and are trading in. I've been waiting for this. Time to upgrade my aging Model 3 (2018) to the far superior Model Y. Probably ordering next week.",175,0.76,143,teslamotors,https://x.com/SawyerMerritt/status/1915586753077129426?t=fIvNJ2KDGsrvFw2as0kosg&s=19,/r/teslamotors/comments/1k8ipeu/fsd_transfer_is_back/,,neutral,0.6357152462005615
1k8eqya,2025-04-26,2025-04-26 14:52:43+00:00,Tesla increases prices in Canada as much as 21% due to tariffs,,510,0.97,134,teslamotors,https://driveteslacanada.ca/news/tesla-increases-prices-in-canada-as-much-as-21-due-to-tariffs/,/r/teslamotors/comments/1k8eqya/tesla_increases_prices_in_canada_as_much_as_21/,,positive,0.9008417725563049
1k82kdw,2025-04-26,2025-04-26 02:33:06+00:00,Earth Week with free charging tomorrow !!!!,"From X :   
  
Closing out Earth Week with free charging at the following Superchargers on April 26th. You might even catch some Tesla employees with goodies!   


  
North America (9AM to 6PM):  
‚Ä¢¬†Santa Monica, CA  
‚Ä¢¬†Kettleman City, CA  
‚Ä¢¬†Phoenix, AZ ‚Äì East Mayo Boulevard  
‚Ä¢¬†Des Plaines, IL  
‚Ä¢¬†Fort Pierce, FL ‚Äì Peters Road  
‚Ä¢¬†Mount Laurel Township, NJ ‚Äì NJ-73  
‚Ä¢¬†Monterrey, NL",102,0.73,39,teslamotors,https://x.com/TeslaCharging/status/1915954469214601680,/r/teslamotors/comments/1k82kdw/earth_week_with_free_charging_tomorrow/,,neutral,0.9332522749900818
1k7ka6s,2025-04-25,2025-04-25 12:57:37+00:00,Tesla shares video of FSD-Supervised ride-hailing tests in Austin as Robotaxi launch nears,,198,0.77,114,teslamotors,https://driveteslacanada.ca/news/tesla-shares-video-of-fsd-supervised-ride-hailing-tests-in-austin-as-robotaxi-launch-nears/,/r/teslamotors/comments/1k7ka6s/tesla_shares_video_of_fsdsupervised_ridehailing/,,neutral,0.9162676334381104
1k75u7m,2025-04-24,2025-04-24 22:52:52+00:00,A new Department of Transportation regulatory framework was announced for autonomous vehicles,,198,0.85,98,teslamotors,https://x.com/secduffy/status/1915435651811479823?s=46&t=Zp1jpkPLTJIm9RRaXZvzVA,/r/teslamotors/comments/1k75u7m/a_new_department_of_transportation_regulatory/,,neutral,0.7233045101165771
1k63t65,2025-04-23,2025-04-23 16:40:07+00:00,FSD Supervised ride-hailing service is live for an early set of employees in Austin & San Francisco Bay Area.,"FSD Supervised ride-hailing service is live for an early set of employees in Austin & San Francisco Bay Area.

We've completed over 1.5k trips & 15k miles of driving.

This service helps us develop & validate FSD networks, the mobile app, vehicle allocation, mission control & remote assistance operations",348,0.83,216,teslamotors,https://x.com/tesla_ai/status/1915080322862944336?s=46&t=Zp1jpkPLTJIm9RRaXZvzVA,/r/teslamotors/comments/1k63t65/fsd_supervised_ridehailing_service_is_live_for_an/,,neutral,0.9151419997215271
1k5tyk9,2025-04-23,2025-04-23 08:18:45+00:00,@Tesla_AI: There will be *so many* robots on legs & wheels Not in the distant future. In the next couple of years.,,0,0.35,20,teslamotors,https://twitter.com/Tesla_AI/status/1914956831622864983,/r/teslamotors/comments/1k5tyk9/tesla_ai_there_will_be_so_many_robots_on_legs/,,neutral,0.9251068234443665
1k5lowq,2025-04-23,2025-04-23 00:10:40+00:00,Tesla 2025 Q1  Quarterly Update Mega thread,,199,0.82,376,teslamotors,https://digitalassets.tesla.com/tesla-contents/image/upload/IR/IR/TSLA-Q1-2025-Update.pdf,/r/teslamotors/comments/1k5lowq/tesla_2025_q1_quarterly_update_mega_thread/,,neutral,0.9220721125602722
1k5chvd,2025-04-22,2025-04-22 17:42:38+00:00,"Tesla Manufacturing: Today, we celebrated Earth Day at Giga Berlin together with hundreds of employees and people from the community. With products made by local farmers, a tasty BBQ, graffiti art and our very own Giga Honey. https://t.co/zWboLIhabW",,58,0.62,11,teslamotors,https://twitter.com/gigafactories/status/1914734245836415289,/r/teslamotors/comments/1k5chvd/tesla_manufacturing_today_we_celebrated_earth_day/,,neutral,0.8123892545700073
1k4p0es,2025-04-21,2025-04-21 21:20:38+00:00,New Castings Spotted at Giga Texas Likely Intended for Tesla Cybercab,,182,0.8,39,teslamotors,https://www.notateslaapp.com/news/2663/new-castings-sighted-at-giga-texas,/r/teslamotors/comments/1k4p0es/new_castings_spotted_at_giga_texas_likely/,,neutral,0.7339215278625488
1k3l8w6,2025-04-20,2025-04-20 12:16:02+00:00,Model y spotted testing in india ahead of the launch,,344,0.84,69,teslamotors,https://i.redd.it/z969f5jzezve1.jpeg,/r/teslamotors/comments/1k3l8w6/model_y_spotted_testing_in_india_ahead_of_the/,,neutral,0.7383024096488953
1k38xev,2025-04-19,2025-04-19 23:11:50+00:00,CarWow: New Tesla Model Y v BYD Sealion,,85,0.62,165,teslamotors,https://m.youtube.com/watch?v=bEH5gDiESRg,/r/teslamotors/comments/1k38xev/carwow_new_tesla_model_y_v_byd_sealion/,,neutral,0.9141775965690613
1k2i28q,2025-04-18,2025-04-18 22:57:17+00:00,"Tesla to Delay Production of Cheaper EVs, Reuters Reports",,393,0.88,183,teslamotors,https://www.bloomberg.com/news/articles/2025-04-18/tesla-to-delay-production-of-cheaper-evs-reuters-reports,/r/teslamotors/comments/1k2i28q/tesla_to_delay_production_of_cheaper_evs_reuters/,,negative,0.9235047101974487
1k25hbl,2025-04-18,2025-04-18 13:53:29+00:00,Switching MYP wheels down to 19s with unconventional tyre size,"Hi all...I replaced my 2022 MYP 21"" Ubers with 19"" Tsportline wheels...I have a custom tyre setup (earlier had 275 45s and now have 255 50s). I have changed the wheel size several times from the screen, but it seems to have no impact on reconfiguring the speedometer. While I understand that the different combos will be off by a certain amount, the 255-50-19 combo should essentially have almost the same overall diameter as the standard 20s that come with the MY (as per my calculations anyway) and should be almost spot on for speed calculations. There has, however, been no difference regardless of what wheel size I choose and the offset has been pretty much the same now and when I had the 275 45s.  
Any way I can correct this / has anyone else tried any combo for the MYP and has it resulted in different readings (even if not 100% accurate)? I have also added the screenshot of my calculations here, in case I've messed those up.",30,0.7,15,teslamotors,https://i.redd.it/2cevk8xhmlve1.png,/r/teslamotors/comments/1k25hbl/switching_myp_wheels_down_to_19s_with/,,neutral,0.8636561036109924
1k1ps0a,2025-04-17,2025-04-17 22:37:43+00:00,Cool Cybertruck Charging Pictures,,6,0.52,12,teslamotors,https://www.reddit.com/gallery/1k1ps0a,/r/teslamotors/comments/1k1ps0a/cool_cybertruck_charging_pictures/,,neutral,0.91485995054245
1k1nguf,2025-04-17,2025-04-17 20:54:52+00:00,"Tesla Dojo supercluster looks more cyber and refined than xAI's Nvidia Colossus, which looks more of a conventional data center",,0,0.39,15,teslamotors,https://www.teslaoracle.com/2025/04/17/tesla-dojo-supercluster-looks-more-advanced-and-refined-than-xais-nvidia-colossus/,/r/teslamotors/comments/1k1nguf/tesla_dojo_supercluster_looks_more_cyber_and/,,neutral,0.8209465742111206
1k1e44q,2025-04-17,2025-04-17 14:25:43+00:00,"Tesla increases Cybertruck inventory discounts to over $16K in Canada, over $11K in the U.S.",,643,0.9,313,teslamotors,https://driveteslacanada.ca/news/tesla-discounts-16k-on-cybertruck-inventory-canada-11k-u-s/,/r/teslamotors/comments/1k1e44q/tesla_increases_cybertruck_inventory_discounts_to/,,positive,0.9378973245620728
1k0rkp4,2025-04-16,2025-04-16 18:25:07+00:00,"Tesla remained far ahead of the competition in Q1 2025, selling 128,100 EVs ‚Äî more than the next 10 brands combined.",,521,0.73,232,teslamotors,https://x.com/MarioNawfal/status/1911775011997663240,/r/teslamotors/comments/1k0rkp4/tesla_remained_far_ahead_of_the_competition_in_q1/,,positive,0.8937737941741943
1k0oaw0,2025-04-16,2025-04-16 16:13:32+00:00,FYI - We turned off the main auto posting of the Tesla X acct,"We didn't realize how talkative the acct was, and tried to mitigate the reposts (which aren't news) - we were removing a lot.  Will leave the Gigafactories and TeslaAI as they do not post as much.  We're listening, just trying to get it a bit more lively in here, it's really quite slow at times.",231,0.86,1,teslamotors,https://www.reddit.com/r/teslamotors/comments/1k0oaw0/fyi_we_turned_off_the_main_auto_posting_of_the/,/r/teslamotors/comments/1k0oaw0/fyi_we_turned_off_the_main_auto_posting_of_the/,,neutral,0.7607958316802979
1k0gpbp,2025-04-16,2025-04-16 10:01:17+00:00,"@Tesla: @LucasDeakins Incorrect ‚Äì Teslas, like most electric vehicles, produce significantly less brake dust than gas cars (thanks to regenerative braking / using the motor(s) to slow down)At the end of their usable life, our batteries are recycled & used to build new battery packs",,206,0.74,45,teslamotors,https://twitter.com/Tesla/status/1912444219970498562,/r/teslamotors/comments/1k0gpbp/tesla_lucasdeakins_incorrect_teslas_like_most/,,neutral,0.9341311454772949
1k0gh3o,2025-04-16,2025-04-16 09:45:33+00:00,@Tesla: Imagine if electric cars emitted an invisible poison gas when you warmed them up in your garage This is the reality of gas cars,,268,0.68,119,teslamotors,https://twitter.com/Tesla/status/1912441656403513384,/r/teslamotors/comments/1k0gh3o/tesla_imagine_if_electric_cars_emitted_an/,,neutral,0.9019259214401245
1k08i4g,2025-04-16,2025-04-16 01:20:39+00:00,Tesla Insurance has developed and launched a new Voice AI agent to handle basic policy changes,,70,0.69,32,teslamotors,https://x.com/SawyerMerritt/status/1912310829820817567,/r/teslamotors/comments/1k08i4g/tesla_insurance_has_developed_and_launched_a_new/,,neutral,0.7613645195960999
1jzm9n2,2025-04-15,2025-04-15 07:55:24+00:00,@Tesla: RT @elonmusk: Tesla self-driving will be far safer than human driving,,0,0.38,11,teslamotors,https://twitter.com/Tesla/status/1912050624327266504,/r/teslamotors/comments/1jzm9n2/tesla_rt_elonmusk_tesla_selfdriving_will_be_far/,,neutral,0.8476952910423279
1jzm9mx,2025-04-15,2025-04-15 07:55:24+00:00,"@Tesla: RT @elonmusk: Not bad, @Tesla!",,0,0.36,7,teslamotors,https://twitter.com/Tesla/status/1912050470186606924,/r/teslamotors/comments/1jzm9mx/tesla_rt_elonmusk_not_bad_tesla/,,neutral,0.8451834321022034
1jzjwz9,2025-04-15,2025-04-15 05:15:43+00:00,@Tesla: Bargersville PD‚Äôs Tesla fleet saved them almost half a million dollars in maintenance & repairs https://t.co/sdgdyKkFSv,,157,0.7,32,teslamotors,https://twitter.com/Tesla/status/1912010734944338083,/r/teslamotors/comments/1jzjwz9/tesla_bargersville_pds_tesla_fleet_saved_them/,,neutral,0.7246474623680115
1jz3t3i,2025-04-14,2025-04-14 16:55:32+00:00,"@Tesla: RT @elonmusk: For the first time, there will soon be a generalized, pure AI solution to full self-driving.Just cameras and the Tesla AI c‚Ä¶",,0,0.44,58,teslamotors,https://twitter.com/Tesla/status/1911823492904874206,/r/teslamotors/comments/1jz3t3i/tesla_rt_elonmusk_for_the_first_time_there_will/,,neutral,0.7586115598678589
1jyoshx,2025-04-14,2025-04-14 02:48:35+00:00,Cybertruck parking,"I was just about to leave work and parking spots behind me appeared on the screen. I stopped and pushed for a spot on the screen and the CyberBeast aka eXcalibur actually backed into the spot. It did pull forward and tried a second time‚Ä¶ guessing it wasn‚Äôt happy with its first attempt. 

I was very surprised and encouraged we are getting closer!!",0,0.46,4,teslamotors,https://i.redd.it/heusts3aspue1.jpeg,/r/teslamotors/comments/1jyoshx/cybertruck_parking/,,neutral,0.67521733045578
1jyn9gp,2025-04-14,2025-04-14 01:25:01+00:00,"Tesla Announces the 2025 Spring Update: B-Pillar Recording, Dashcam Viewer Improvements, Avoid Highways and More",,394,0.83,181,teslamotors,https://www.notateslaapp.com/news/2648/tesla-announces-the-2025-spring-update-b-pillar-recording-dashcam-viewer-improvements-avoid-highways-and-more,/r/teslamotors/comments/1jyn9gp/tesla_announces_the_2025_spring_update_bpillar/,,neutral,0.7748963832855225
1jyi02l,2025-04-13,2025-04-13 21:03:47+00:00,"@Tesla_AI: Model Ys autonomously navigate a 1.4 mile trip on a road shared with pedestrians, cars, semi trucks, construction equipment & more https://t.co/iPx2fs78v2",,0,0.46,0,teslamotors,https://twitter.com/Tesla_AI/status/1911525553200324759,/r/teslamotors/comments/1jyi02l/tesla_ai_model_ys_autonomously_navigate_a_14_mile/,,neutral,0.8853751420974731
1jyi02g,2025-04-13,2025-04-13 21:03:47+00:00,"@Tesla_AI: Giga Texas production now uses FSD Unsupervised to deliver cars from end of line to the outbound logistics lot. Over 50,000 driverless miles have been accrued between California and Texas factories so far https://t.co/79zKY0U6Ox",,67,0.64,60,teslamotors,https://twitter.com/Tesla_AI/status/1911525549920620580,/r/teslamotors/comments/1jyi02g/tesla_ai_giga_texas_production_now_uses_fsd/,,neutral,0.8236074447631836
1jxetbz,2025-04-12,2025-04-12 11:05:44+00:00,@Tesla: RT @wmorrill3: More efficient. More affordable. Long Range Cybertruck brings all-wheel stability and traction control plus a rear locking d‚Ä¶,,0,0.44,38,teslamotors,https://twitter.com/Tesla/status/1911009456193667186,/r/teslamotors/comments/1jxetbz/tesla_rt_wmorrill3_more_efficient_more_affordable/,,neutral,0.5442625880241394
1jx4nvw,2025-04-12,2025-04-12 00:16:55+00:00,Tesla Software - 2025 Spring Release,,353,0.82,236,teslamotors,https://x.com/tesla/status/1910848021065052629?s=46&t=Zp1jpkPLTJIm9RRaXZvzVA,/r/teslamotors/comments/1jx4nvw/tesla_software_2025_spring_release/,,neutral,0.9424366354942322
1jx2h23,2025-04-11,2025-04-11 22:28:58+00:00,Brand new shipment,,709,0.75,157,teslamotors,https://www.reddit.com/gallery/1jx2h23,/r/teslamotors/comments/1jx2h23/brand_new_shipment/,,neutral,0.8057847023010254
1jx0fen,2025-04-11,2025-04-11 20:57:29+00:00,"Tesla Manufacturing: RT @tesla_na: Congrats to the Giga Texas team on producing their 400,000th vehicle! https://t.co/5ApBjJQDWd",,19,0.57,8,teslamotors,https://twitter.com/gigafactories/status/1910798977227694250,/r/teslamotors/comments/1jx0fen/tesla_manufacturing_rt_tesla_na_congrats_to_the/,,neutral,0.8285890221595764
1jwvgq0,2025-04-11,2025-04-11 17:27:04+00:00,Powershare Outlet Adapter is now on the shop. To be used with the Gen 3 Mobile connector.,,121,0.82,87,teslamotors,https://shop.tesla.com/product/powershare-outlet-adapter,/r/teslamotors/comments/1jwvgq0/powershare_outlet_adapter_is_now_on_the_shop_to/,,neutral,0.9078009128570557
1jws9bz,2025-04-11,2025-04-11 15:12:45+00:00,"@tesla_na: Your own robot on wheels for $99/month Try it, you‚Äôll like it https://t.co/6WCPufs6lk",,0,0.29,22,teslamotors,https://twitter.com/tesla_na/status/1910711290529448405,/r/teslamotors/comments/1jws9bz/tesla_na_your_own_robot_on_wheels_for_99month_try/,,neutral,0.9037748575210571
1jwr3f2,2025-04-11,2025-04-11 14:22:46+00:00,"@tesla_na: Congrats to the Giga Texas team on producing their 400,000th vehicle! https://t.co/5ApBjJQDWd",,86,0.66,7,teslamotors,https://twitter.com/tesla_na/status/1910698949033230438,/r/teslamotors/comments/1jwr3f2/tesla_na_congrats_to_the_giga_texas_team_on/,,neutral,0.5224425792694092
1jwei2p,2025-04-11,2025-04-11 01:40:04+00:00,"@Tesla: Cybertruck Long Range now available‚Äì $62,490 (incl. Federal Tax Credit)‚Äì 362 mi of range (est.) w/ Soft Tonneau‚Äì 6' x 4' bed‚Äì 7,500 lbs towing capacity https://t.co/ZP5S5uxHiY",,152,0.63,258,teslamotors,https://twitter.com/Tesla/status/1910507285354250739,/r/teslamotors/comments/1jwei2p/tesla_cybertruck_long_range_now_available_62490/,,neutral,0.8228532671928406
1jwcrm9,2025-04-11,2025-04-11 00:09:15+00:00,Does anyone have any idea what this hidden model 3 free supercharging promo is on the official modely page?,"The promotion looks too good to be true but it's on the official website. You can only see it in the developer tools. It's supposed to show up in a modal UI when pressing a button. However, the button is nowhere to be seen.",221,0.84,81,teslamotors,https://i.redd.it/2h0my78nk3ue1.png,/r/teslamotors/comments/1jwcrm9/does_anyone_have_any_idea_what_this_hidden_model/,,neutral,0.9185097217559814
1jw4l6z,2025-04-10,2025-04-10 18:10:23+00:00,@Tesla: RT @teslaeurope: A new eraLaunching in the Kingdom of Saudi Arabia today üá∏üá¶ https://t.co/UyFgilD2kf,,0,0.35,5,teslamotors,https://twitter.com/Tesla/status/1910393280136700229,/r/teslamotors/comments/1jw4l6z/tesla_rt_teslaeurope_a_new_eralaunching_in_the/,,neutral,0.8588786721229553
1jv3z6t,2025-04-09,2025-04-09 11:57:23+00:00,"@Tesla: Our goal is to make service seamless instead of annoying. Everything is handled within the Tesla app, no effort required.",,0,0.48,50,teslamotors,https://x.com/tesla_na/status/1909887593988174151?s=46&t=Zp1jpkPLTJIm9RRaXZvzVA,/r/teslamotors/comments/1jv3z6t/tesla_our_goal_is_to_make_service_seamless/,,neutral,0.9297681450843811
1juqrec,2025-04-08,2025-04-08 22:41:25+00:00,Tesla Appears to Have Dropped/Discontinued Its CCS1 Adapter,,141,0.89,53,teslamotors,https://shop.tesla.com/category/charging,/r/teslamotors/comments/1juqrec/tesla_appears_to_have_droppeddiscontinued_its/,,negative,0.9363420605659485
1jum6v8,2025-04-08,2025-04-08 19:26:07+00:00,@Tesla: Has science gone too far? https://t.co/W17YEDt1Km,,0,0.42,9,teslamotors,https://twitter.com/Tesla/status/1909687796266131835,/r/teslamotors/comments/1jum6v8/tesla_has_science_gone_too_far_httpstcow17yedt1km/,,neutral,0.7696963548660278
1juic7e,2025-04-08,2025-04-08 16:50:47+00:00,@Tesla: Wet/dry frunk in the new Model Y https://t.co/jfeE1nMHt9,,29,0.59,28,teslamotors,https://twitter.com/Tesla/status/1909649031782937046,/r/teslamotors/comments/1juic7e/tesla_wetdry_frunk_in_the_new_model_y/,,neutral,0.9216503500938416
1juhcsk,2025-04-08,2025-04-08 16:10:04+00:00,Tesla celebrates key milestone for 4680 battery cell production cost,"Been waiting to acknowledge this great achievement by Tesla‚Äôs 4680 Cell Manufacturing team since the end of last year‚Ä¶.but as Elon announced last night, our Cell Manufacturing team in Texas reached a huge milestone at the end of 2024 with becoming the lowest cost per kWh battery cell producer for Tesla! The grit, determination, and passion of our team is unbelievable in helping deliver our mission.

And we aren‚Äôt done yet! 2025 will have more big milestones with fully ramped dry battery electrode manufacturing to deliver even more cost efficiency. Exciting teams continue to be ahead. Cheers to this world-class team!",223,0.73,58,teslamotors,https://www.teslarati.com/tesla-milestone-4680-battery-cell/,/r/teslamotors/comments/1juhcsk/tesla_celebrates_key_milestone_for_4680_battery/,,positive,0.8359007835388184
1jufssi,2025-04-08,2025-04-08 15:05:37+00:00,"@Tesla: @cybertruck @larsmoravy @aelluswamy We didn‚Äôt raise you without manners, @cybertruck. What do we say when we want something?",,0,0.38,7,teslamotors,https://twitter.com/Tesla/status/1909623285672706133,/r/teslamotors/comments/1jufssi/tesla_cybertruck_larsmoravy_aelluswamy_we_didnt/,,neutral,0.8929995894432068
1jufoh6,2025-04-08,2025-04-08 15:00:57+00:00,"@Tesla: With an EV, the gas station is at your house.Fully charged car, every morning https://t.co/y8uENZwpAm",,0,0.41,26,teslamotors,https://twitter.com/Tesla/status/1909620749368803364,/r/teslamotors/comments/1jufoh6/tesla_with_an_ev_the_gas_station_is_at_your/,,neutral,0.9405209422111511
1juejmk,2025-04-08,2025-04-08 14:12:39+00:00,2026 Model Y has a new 12.8v Low Voltage LFP battery.,,63,0.77,41,teslamotors,https://www.youtube.com/watch?v=QJsy1ay6tXs,/r/teslamotors/comments/1juejmk/2026_model_y_has_a_new_128v_low_voltage_lfp/,,neutral,0.8070380687713623
1judzs9,2025-04-08,2025-04-08 13:48:31+00:00,Tesla Quietly Drops Cybertruck Range Extender From Configurator | Tesla's long-promised battery add-on has disappeared from its website without a word.,,793,0.93,167,teslamotors,https://insideevs.com/news/755749/tesla-cybertruck-range-extender-removed/,/r/teslamotors/comments/1judzs9/tesla_quietly_drops_cybertruck_range_extender/,,negative,0.8924979567527771
1ju3orb,2025-04-08,2025-04-08 02:59:55+00:00,Tesla‚Äôs off the production line at Giga Texas are now driving 2 miles to transport lanes without a human driver,,270,0.71,100,teslamotors,https://x.com/joetegtmeyer/status/1909314965540159614?s=46&t=Zp1jpkPLTJIm9RRaXZvzVA,/r/teslamotors/comments/1ju3orb/teslas_off_the_production_line_at_giga_texas_are/,,neutral,0.8540425896644592
1jtzfxr,2025-04-07,2025-04-07 23:25:15+00:00,Tesla to Re-Enable 12V Power Sockets With New 'Accessory Power' Option,,327,0.87,59,teslamotors,https://www.notateslaapp.com/news/2639/exclusive-tesla-to-re-enable-12v-power-sockets-with-new-accessory-power-option,/r/teslamotors/comments/1jtzfxr/tesla_to_reenable_12v_power_sockets_with_new/,,positive,0.7449496388435364
1jtv8dx,2025-04-07,2025-04-07 20:20:40+00:00,"@Tesla: Press FSD Supervised button & your Tesla takes you wherever you want, on its own https://t.co/a31jqDO1RX",,0,0.47,33,teslamotors,https://twitter.com/Tesla/status/1909338780890546495,/r/teslamotors/comments/1jtv8dx/tesla_press_fsd_supervised_button_your_tesla/,,neutral,0.938224196434021
1jtumjz,2025-04-07,2025-04-07 19:55:45+00:00,@Tesla: @WholeMarsBlog Teslas are independent from birth,,0,0.41,16,teslamotors,https://twitter.com/Tesla/status/1909333143514948081,/r/teslamotors/comments/1jtumjz/tesla_wholemarsblog_teslas_are_independent_from/,,neutral,0.946047306060791
1jtpt9f,2025-04-07,2025-04-07 16:41:58+00:00,Tesla Europe shares FSD test video weeks ahead of launch target,,86,0.71,35,teslamotors,https://www.teslarati.com/tesla-europe-fsd-testing-regulatory-approval/,/r/teslamotors/comments/1jtpt9f/tesla_europe_shares_fsd_test_video_weeks_ahead_of/,,neutral,0.9091079235076904
1jtlvn7,2025-04-07,2025-04-07 13:58:12+00:00,Tesla removes Forward Collision Warnings from Safety Score formula amid class action lawsuit,,630,0.96,118,teslamotors,https://driveteslacanada.ca/news/tesla-removes-forward-collision-warnings-from-safety-score-formula-following-class-action-lawsuit/#google_vignette,/r/teslamotors/comments/1jtlvn7/tesla_removes_forward_collision_warnings_from/,,negative,0.817846417427063
1jrn3ii,2025-04-04,2025-04-04 21:23:06+00:00,Lau stepping down. (Head of software engineering.),"No comment as to what this means. 
Curious if others follow suit as headhunter sharks circle the waters for Tesla‚Äôs best and brightest.
One thing is for sure, whoever poached Lau is about to learn a lot of fancy new tricks. 

",558,0.93,146,teslamotors,https://apple.news/APxz3pfRIRr6oleL7811THg,/r/teslamotors/comments/1jrn3ii/lau_stepping_down_head_of_software_engineering/,,neutral,0.7909877896308899
1jrilp9,2025-04-04,2025-04-04 18:12:35+00:00,New paint now available for the new Model Y & 3 in North America,,4,0.51,46,teslamotors,https://x.com/tesla_na/status/1908210014428283230,/r/teslamotors/comments/1jrilp9/new_paint_now_available_for_the_new_model_y_3_in/,,neutral,0.5905616879463196
1jrikek,2025-04-04,2025-04-04 18:11:07+00:00,Powershare Mobile Connector is now listed in the shop,,91,0.81,26,teslamotors,https://shop.tesla.com/product/mobile-connector,/r/teslamotors/comments/1jrikek/powershare_mobile_connector_is_now_listed_in_the/,,neutral,0.9476521015167236
1jri3yj,2025-04-04,2025-04-04 17:51:54+00:00,"Model Y Juniper Launch Edition has ended in the US. Long Range is available for order for $48,990",,194,0.67,145,teslamotors,https://i.redd.it/zydj4tpbwuse1.jpeg,/r/teslamotors/comments/1jri3yj/model_y_juniper_launch_edition_has_ended_in_the/,,neutral,0.9317804574966431
1jrhtzi,2025-04-04,2025-04-04 17:40:03+00:00,Considering selling my 2010 Roadster,"I bought this new back in the day, been a huge Tesla fan since the beginning. With the family it's not the most practical car ever, I take the kids around in my Model S. A little under 1500 miles which is another reason it should go to someone who can actually use it. Just seeing if there's any interest, not really sure the best way to sell something like this.",1915,0.94,254,teslamotors,https://i.redd.it/yf83twbctuse1.jpeg,/r/teslamotors/comments/1jrhtzi/considering_selling_my_2010_roadster/,,neutral,0.8850319385528564
